sku_id,period,promotion_flag,incremental_sales,lift_pct
1,2016-11-28,1,0.0,0.0
1,2016-12-05,1,28.77,49.41
1,2016-12-12,1,19.21,42.89
1,2016-12-19,1,62.27,94.73
1,2016-12-26,1,0.0,0.0
1,2017-01-02,1,66.83,76.67
1,2017-01-09,1,26.6,45.54
1,2017-04-03,1,0.0,0.0
1,2018-02-12,1,0.0,0.0
1,2018-03-12,1,13.71,89.65
1,2018-04-02,1,8.96,47.08
1,2018-04-23,1,8.11,42.94
1,2018-05-07,1,4.72,22.2
1,2018-07-02,1,8.92,46.79
1,2018-07-16,1,11.76,58.11
1,2018-07-23,1,0.0,0.0
1,2018-09-17,1,9.42,41.72
2,2017-02-27,1,0.0,0.0
2,2017-03-06,1,1.31,19.5
2,2017-04-24,1,0.0,0.0
2,2017-05-01,1,12.16,112.1
2,2017-05-15,1,11.89,78.73
2,2017-05-22,1,0.26,3.88
2,2018-02-19,1,29.87,156.2
2,2018-04-02,1,0.0,0.0
3,2017-05-22,1,0.75,9.05
3,2017-05-29,1,1.52,16.09
3,2017-07-17,1,0.0,0.0
3,2017-07-24,1,6.29,72.17
3,2018-05-14,1,7.31,49.75
3,2018-06-04,1,2.97,17.46
3,2018-06-25,1,7.69,41.99
3,2018-07-02,1,0.0,0.0
3,2018-07-09,1,0.0,0.0
3,2018-07-16,1,17.34,98.13
3,2018-07-30,1,1.52,8.23
3,2018-08-20,1,6.1,34.05
3,2018-08-27,1,0.0,0.0
3,2018-09-10,1,1.57,9.53
4,2016-11-28,1,0.0,0.0
4,2016-12-05,1,0.0,0.0
4,2016-12-12,1,0.0,0.0
4,2016-12-19,1,6.67,40.84
4,2016-12-26,1,1.24,9.03
4,2017-01-02,1,0.0,0.0
4,2017-01-09,1,4.83,39.7
4,2017-01-16,1,0.0,0.0
4,2017-01-23,1,0.0,0.0
4,2017-01-30,1,1.73,20.93
4,2017-02-06,1,2.73,32.99
4,2017-02-13,1,0.0,0.0
4,2017-02-20,1,1.47,19.54
4,2017-03-13,1,1.16,13.16
4,2017-03-27,1,0.0,0.0
4,2017-04-10,1,0.21,2.43
4,2017-04-17,1,0.0,0.0
4,2017-05-22,1,0.14,1.54
4,2017-05-29,1,11.83,105.93
4,2017-06-12,1,0.54,6.32
4,2017-08-14,1,0.01,0.29
4,2017-09-18,1,1.6,29.72
4,2017-10-09,1,0.0,0.0
4,2017-11-06,1,0.31,6.61
4,2017-12-04,1,4.18,42.53
4,2017-12-11,1,0.0,0.0
4,2017-12-25,1,2.67,32.03
4,2018-02-05,1,0.0,0.0
4,2018-02-19,1,0.0,0.0
4,2018-02-26,1,0.0,0.0
4,2018-03-19,1,1.34,11.46
4,2018-04-02,1,0.0,0.0
4,2018-04-16,1,0.0,0.0
4,2018-04-23,1,0.0,0.0
4,2018-05-07,1,5.13,43.24
4,2018-05-14,1,0.25,2.11
4,2018-05-21,1,3.57,31.25
4,2018-06-25,1,4.75,35.87
4,2018-07-02,1,0.85,6.96
4,2018-07-09,1,0.0,0.0
4,2018-07-23,1,3.27,30.53
4,2018-07-30,1,0.0,0.0
4,2018-08-06,1,1.03,10.28
4,2018-08-13,1,1.76,18.99
4,2018-09-03,1,4.04,50.73
4,2018-09-17,1,0.35,3.65
4,2018-09-24,1,0.03,0.35
5,2016-11-28,1,19.85,122.93
5,2016-12-05,1,5.32,41.95
5,2016-12-12,1,3.84,34.44
5,2016-12-19,1,2.64,31.6
5,2016-12-26,1,3.11,39.44
5,2017-02-06,1,0.26,7.09
5,2017-02-13,1,0.0,0.0
5,2017-02-20,1,5.03,72.18
5,2017-02-27,1,1.42,25.52
5,2017-03-13,1,0.74,14.11
5,2017-03-20,1,0.0,0.0
5,2017-04-03,1,2.62,41.09
5,2017-04-17,1,1.19,20.47
5,2017-05-01,1,4.82,58.98
5,2017-05-15,1,5.42,71.57
5,2017-05-22,1,0.0,0.0
5,2017-05-29,1,0.87,14.11
5,2017-06-05,1,0.0,0.0
5,2017-06-12,1,0.11,1.85
5,2017-06-19,1,6.47,85.84
5,2017-06-26,1,0.82,13.21
5,2017-07-03,1,2.32,34.82
5,2017-07-10,1,0.9,17.56
5,2017-07-24,1,0.42,7.59
5,2017-08-07,1,0.96,23.75
5,2017-08-14,1,0.0,0.0
5,2017-08-21,1,0.33,8.9
5,2017-09-04,1,0.0,0.0
5,2017-09-11,1,2.84,46.13
5,2017-09-18,1,0.76,18.0
5,2017-09-25,1,0.0,0.0
5,2017-10-09,1,0.0,0.0
5,2017-10-16,1,0.15,3.08
5,2017-11-06,1,0.2,4.14
5,2017-11-13,1,4.81,52.37
5,2017-12-04,1,4.2,61.82
5,2017-12-11,1,7.56,89.67
5,2017-12-25,1,0.0,0.0
5,2018-01-08,1,0.0,0.0
5,2018-01-22,1,2.34,27.06
5,2018-01-29,1,0.39,5.91
5,2018-02-05,1,2.85,34.9
5,2018-02-12,1,1.9,23.51
5,2018-02-19,1,0.0,0.0
5,2018-02-26,1,0.93,11.51
5,2018-03-05,1,0.17,1.29
5,2018-03-12,1,1.29,9.44
5,2018-03-19,1,7.78,40.48
5,2018-03-26,1,0.0,0.0
5,2018-04-02,1,0.0,0.0
5,2018-04-09,1,0.0,0.0
5,2018-04-16,1,0.1,0.66
5,2018-04-23,1,0.0,0.0
5,2018-05-07,1,0.0,0.0
5,2018-05-14,1,0.0,0.0
5,2018-05-21,1,2.51,16.21
5,2018-06-18,1,1.31,8.36
5,2018-06-25,1,2.68,16.4
5,2018-07-02,1,0.0,0.0
5,2018-07-09,1,0.0,0.0
5,2018-07-23,1,0.0,0.0
5,2018-07-30,1,0.0,0.0
5,2018-08-06,1,5.98,54.32
5,2018-08-13,1,2.97,29.61
5,2018-08-20,1,0.63,6.68
5,2018-08-27,1,1.29,13.24
5,2018-09-03,1,3.92,43.16
5,2018-09-10,1,0.89,9.76
6,2016-11-28,1,14.99,34.07
6,2016-12-05,1,10.1,32.7
6,2016-12-12,1,50.66,74.13
6,2016-12-19,1,20.28,51.07
6,2016-12-26,1,23.02,62.26
6,2017-01-02,1,9.85,35.01
6,2018-03-19,1,15.62,89.89
6,2018-07-30,1,6.17,44.63
7,2017-09-18,1,0.0,0.0
7,2017-09-25,1,40.83,29.33
7,2018-02-12,1,1.89,16.97
7,2018-02-19,1,0.0,0.0
7,2018-08-06,1,0.0,0.0
8,2016-11-28,1,5.94,18.54
8,2016-12-05,1,2.99,11.08
8,2016-12-12,1,1.12,3.5
8,2016-12-19,1,0.0,0.0
8,2016-12-26,1,2.77,9.17
8,2017-01-02,1,3.73,11.22
8,2017-01-09,1,4.17,15.54
8,2017-01-16,1,18.53,69.99
8,2017-01-23,1,2.6,9.85
8,2017-01-30,1,0.0,0.0
8,2017-02-13,1,8.77,37.77
8,2017-02-27,1,1.09,4.96
8,2017-03-20,1,11.16,43.17
8,2017-03-27,1,13.71,46.82
8,2017-04-03,1,14.19,41.96
8,2017-04-17,1,8.85,31.46
8,2017-05-01,1,20.59,52.24
8,2017-05-15,1,16.07,41.27
8,2017-05-29,1,22.64,65.88
8,2017-06-05,1,9.05,27.47
8,2017-06-12,1,19.18,48.16
8,2017-06-19,1,10.2,27.71
8,2017-06-26,1,5.1,12.47
8,2017-07-03,1,8.41,25.79
8,2017-07-10,1,2.75,7.59
8,2017-07-17,1,18.39,56.39
8,2017-07-24,1,0.0,0.0
8,2017-08-14,1,21.47,41.65
8,2017-08-21,1,20.83,47.17
8,2017-09-04,1,0.0,0.0
8,2017-09-11,1,0.0,0.0
8,2017-09-18,1,7.66,31.48
8,2017-09-25,1,2.66,11.39
8,2017-10-02,1,16.65,60.85
8,2017-10-09,1,11.85,34.72
8,2017-10-16,1,18.26,54.11
8,2017-10-23,1,3.94,14.54
8,2018-01-29,1,0.0,0.0
8,2018-02-05,1,5.04,19.4
8,2018-02-12,1,0.0,0.0
8,2018-02-19,1,0.0,0.0
8,2018-03-05,1,0.0,0.0
8,2018-03-12,1,3.55,12.49
8,2018-04-02,1,5.79,16.94
8,2018-04-16,1,3.58,10.39
8,2018-04-23,1,0.12,0.41
8,2018-04-30,1,6.71,17.98
8,2018-05-14,1,0.0,0.0
8,2018-06-25,1,11.03,29.04
8,2018-07-02,1,11.1,30.93
8,2018-07-23,1,2.91,8.53
8,2018-07-30,1,0.76,2.29
8,2018-08-13,1,6.8,22.52
8,2018-08-20,1,0.0,0.0
8,2018-08-27,1,0.0,0.0
8,2018-09-10,1,0.46,2.15
8,2018-09-17,1,0.0,0.0
8,2018-09-24,1,2.52,10.3
9,2016-11-28,1,0.0,0.0
9,2016-12-05,1,1.86,3.43
9,2016-12-12,1,0.0,0.0
9,2016-12-19,1,0.0,0.0
9,2016-12-26,1,0.62,1.16
9,2017-01-02,1,0.0,0.0
9,2017-01-09,1,6.51,11.74
9,2017-01-16,1,0.6,1.19
9,2017-01-23,1,13.0,21.68
9,2017-01-30,1,0.0,0.0
9,2017-02-06,1,0.0,0.0
9,2017-02-13,1,21.52,41.01
9,2017-02-20,1,0.0,0.0
9,2017-02-27,1,14.17,22.55
9,2017-03-06,1,0.0,0.0
9,2017-03-13,1,5.83,7.66
9,2017-03-20,1,0.0,0.0
9,2017-03-27,1,3.33,4.72
9,2017-04-03,1,31.48,41.68
9,2017-04-10,1,0.0,0.0
9,2017-04-17,1,0.0,0.0
9,2017-04-24,1,0.0,0.0
9,2017-05-01,1,6.01,10.93
9,2017-05-08,1,0.0,0.0
9,2017-05-15,1,0.0,0.0
9,2017-05-22,1,10.19,15.96
9,2017-05-29,1,0.0,0.0
9,2017-06-05,1,0.0,0.0
9,2017-06-12,1,0.0,0.0
9,2017-06-19,1,22.06,29.84
9,2017-06-26,1,5.7,7.48
9,2017-07-03,1,44.49,46.1
9,2017-07-10,1,37.97,24.49
9,2017-07-17,1,0.0,0.0
9,2017-07-31,1,1.01,0.98
9,2017-08-07,1,0.0,0.0
9,2017-08-14,1,0.0,0.0
9,2017-08-21,1,23.76,23.24
9,2017-08-28,1,8.54,7.95
9,2017-09-04,1,8.51,8.55
9,2017-09-11,1,0.0,0.0
9,2017-09-18,1,53.67,61.45
9,2017-09-25,1,47.26,36.99
9,2017-10-02,1,80.34,60.1
9,2017-10-09,1,102.17,78.09
9,2017-10-16,1,8.22,8.41
9,2017-10-23,1,3.32,4.07
9,2017-10-30,1,20.49,23.41
9,2018-01-29,1,0.0,0.0
9,2018-02-05,1,0.0,0.0
9,2018-02-12,1,0.0,0.0
9,2018-02-26,1,0.0,0.0
9,2018-03-05,1,0.0,0.0
9,2018-03-12,1,5.24,6.57
9,2018-03-26,1,0.79,0.98
9,2018-04-02,1,8.28,12.41
9,2018-04-09,1,27.14,29.87
9,2018-04-23,1,0.0,0.0
9,2018-04-30,1,0.0,0.0
9,2018-05-07,1,11.56,13.37
9,2018-05-21,1,0.0,0.0
9,2018-05-28,1,4.67,6.55
9,2018-06-04,1,15.58,21.82
9,2018-06-11,1,0.0,0.0
9,2018-06-25,1,0.0,0.0
9,2018-07-02,1,0.0,0.0
9,2018-07-09,1,0.0,0.0
9,2018-07-16,1,0.0,0.0
9,2018-07-23,1,15.19,31.12
9,2018-08-06,1,0.0,0.0
9,2018-08-13,1,0.0,0.0
9,2018-08-20,1,7.51,25.48
9,2018-08-27,1,0.28,0.9
9,2018-09-10,1,0.0,0.0
9,2018-09-24,1,12.71,36.03
10,2016-11-28,1,0.0,0.0
10,2016-12-05,1,1.06,10.64
10,2016-12-12,1,0.0,0.0
10,2016-12-19,1,0.47,6.24
10,2016-12-26,1,0.85,10.47
10,2017-01-02,1,0.74,7.96
10,2017-01-09,1,0.31,4.6
10,2017-01-16,1,0.0,0.0
10,2017-01-23,1,0.0,0.0
10,2017-01-30,1,2.39,31.37
10,2017-02-06,1,0.48,5.07
10,2017-02-13,1,0.5,6.65
10,2017-02-20,1,0.0,0.0
10,2017-02-27,1,0.0,0.0
10,2017-03-06,1,0.0,0.0
10,2017-03-13,1,0.25,2.32
10,2017-03-20,1,0.0,0.0
10,2017-03-27,1,0.0,0.0
10,2017-04-03,1,5.17,43.74
10,2017-04-10,1,1.49,12.99
10,2017-04-17,1,0.13,1.17
10,2017-04-24,1,0.0,0.0
10,2017-05-01,1,0.0,0.0
10,2017-05-08,1,0.0,0.0
10,2017-05-15,1,1.04,7.43
10,2017-05-22,1,0.0,0.0
10,2017-05-29,1,0.0,0.0
10,2017-06-05,1,0.0,0.0
10,2017-06-12,1,0.0,0.0
10,2017-06-19,1,0.63,5.58
10,2017-07-03,1,12.7,77.95
10,2017-07-10,1,1.39,9.54
10,2017-07-17,1,0.0,0.0
10,2017-07-24,1,0.0,0.0
10,2017-07-31,1,4.0,23.54
10,2017-08-07,1,0.34,2.15
10,2017-08-14,1,0.67,4.64
10,2017-08-21,1,0.0,0.0
10,2017-08-28,1,0.0,0.0
10,2017-09-04,1,0.35,2.26
10,2017-09-11,1,0.98,6.95
10,2017-09-18,1,9.42,64.59
10,2017-09-25,1,2.89,19.11
10,2017-10-02,1,0.0,0.0
10,2017-10-09,1,2.87,28.33
10,2017-10-16,1,0.0,0.0
10,2018-01-29,1,2.01,16.78
10,2018-02-12,1,0.0,0.0
10,2018-02-19,1,5.95,49.35
10,2018-02-26,1,1.08,9.89
10,2018-03-05,1,0.18,1.43
10,2018-03-12,1,1.09,8.46
10,2018-03-19,1,0.0,0.0
10,2018-03-26,1,0.0,0.0
10,2018-04-02,1,0.68,4.72
10,2018-04-09,1,0.0,0.0
10,2018-04-16,1,0.0,0.0
10,2018-04-23,1,0.0,0.0
10,2018-04-30,1,0.88,6.71
10,2018-05-07,1,5.1,32.08
10,2018-05-14,1,3.63,22.16
10,2018-05-28,1,0.0,0.0
10,2018-06-18,1,0.0,0.0
10,2018-06-25,1,12.23,58.91
10,2018-07-02,1,0.0,0.0
10,2018-07-16,1,5.52,23.52
10,2018-07-30,1,37.18,98.3
10,2018-08-06,1,0.0,0.0
10,2018-08-13,1,0.0,0.0
10,2018-08-27,1,0.0,0.0
10,2018-09-03,1,0.0,0.0
11,2017-08-07,1,54.56,91.79
12,2016-11-28,1,0.0,0.0
12,2016-12-12,1,10.1,37.53
12,2016-12-19,1,6.74,33.26
12,2017-01-02,1,63.12,54.95
12,2017-01-09,1,364.47,94.54
12,2017-01-16,1,1.46,10.06
12,2017-01-23,1,6.48,33.19
12,2017-01-30,1,0.66,5.33
12,2017-02-27,1,13.07,69.08
12,2017-03-13,1,0.95,4.3
12,2017-03-20,1,0.0,0.0
12,2017-09-11,1,328.33,130.98
12,2017-09-25,1,0.0,0.0
12,2017-10-02,1,0.0,0.0
12,2018-03-05,1,3.06,10.95
12,2018-03-26,1,15.41,52.1
12,2018-06-04,1,103.4,71.02
12,2018-06-18,1,1.81,4.51
12,2018-07-30,1,3.37,12.21
12,2018-08-13,1,6.94,24.74
13,2017-01-30,1,12.01,66.75
13,2017-03-06,1,9.29,49.66
13,2017-04-03,1,0.0,0.0
13,2017-05-15,1,5.16,27.39
13,2017-05-29,1,18.57,70.27
13,2017-06-19,1,33.22,111.56
13,2018-02-12,1,0.0,0.0
13,2018-06-11,1,8.17,35.77
13,2018-09-24,1,5.05,22.99
14,2016-11-28,1,7.47,13.21
14,2016-12-05,1,8.02,18.67
14,2016-12-12,1,2.42,5.19
14,2016-12-19,1,0.0,0.0
14,2016-12-26,1,7.51,16.16
14,2017-01-02,1,4.21,9.84
14,2017-01-09,1,0.42,1.01
14,2017-01-16,1,21.25,49.72
14,2017-01-23,1,7.81,19.42
14,2017-02-13,1,0.0,0.0
14,2017-04-10,1,0.0,0.0
14,2017-04-24,1,0.0,0.0
14,2017-05-08,1,20.93,39.44
14,2017-05-22,1,14.01,18.19
14,2017-06-05,1,58.53,70.11
14,2017-06-12,1,57.65,56.32
14,2017-06-26,1,101.36,86.16
14,2017-07-10,1,55.46,53.05
14,2017-07-17,1,58.22,49.43
14,2017-07-24,1,33.54,24.94
14,2017-08-07,1,44.13,48.03
14,2017-08-14,1,68.11,56.34
14,2017-08-21,1,53.36,43.16
14,2017-08-28,1,0.73,0.93
14,2017-09-11,1,33.62,47.77
14,2017-09-18,1,12.81,15.98
14,2017-10-09,1,28.7,32.88
14,2018-02-05,1,0.0,0.0
14,2018-03-05,1,2.06,8.28
14,2018-03-26,1,10.12,32.77
14,2018-04-09,1,2.22,6.78
14,2018-04-16,1,2.78,7.47
14,2018-05-28,1,0.28,0.34
14,2018-06-11,1,0.0,0.0
14,2018-06-18,1,0.0,0.0
14,2018-07-02,1,15.6,22.16
14,2018-07-09,1,20.28,28.67
14,2018-07-23,1,0.0,0.0
14,2018-07-30,1,14.52,19.23
14,2018-08-06,1,0.0,0.0
14,2018-08-13,1,0.0,0.0
14,2018-08-27,1,0.0,0.0
14,2018-09-24,1,0.0,0.0
15,2016-11-28,1,12.99,20.61
15,2016-12-05,1,0.0,0.0
15,2016-12-12,1,0.0,0.0
15,2016-12-19,1,0.0,0.0
15,2016-12-26,1,0.0,0.0
15,2017-01-02,1,837.43,62.99
15,2017-01-09,1,0.0,0.0
15,2017-01-16,1,5.48,7.26
15,2017-01-23,1,10.55,17.17
15,2017-01-30,1,0.0,0.0
15,2017-02-06,1,0.0,0.0
15,2017-02-13,1,16.26,31.43
15,2017-02-20,1,0.0,0.0
15,2017-02-27,1,0.0,0.0
15,2017-03-06,1,349.51,34.35
15,2017-03-13,1,121.7,22.61
15,2017-03-20,1,0.72,1.67
15,2017-03-27,1,11.77,8.45
15,2017-04-03,1,252.95,40.47
15,2017-04-10,1,0.0,0.0
15,2017-04-17,1,0.0,0.0
15,2017-04-24,1,0.0,0.0
15,2017-05-01,1,0.0,0.0
15,2017-05-08,1,0.0,0.0
15,2017-05-15,1,39.02,40.24
15,2017-05-22,1,0.0,0.0
15,2017-05-29,1,64.69,47.11
15,2017-06-05,1,11.53,8.71
15,2017-06-12,1,493.49,38.27
15,2017-06-19,1,20.88,34.17
15,2017-06-26,1,0.0,0.0
15,2017-07-03,1,0.0,0.0
15,2017-07-10,1,0.0,0.0
15,2017-07-17,1,0.0,0.0
15,2017-07-24,1,0.0,0.0
15,2017-07-31,1,19.23,21.66
15,2017-08-07,1,0.0,0.0
15,2017-08-14,1,54.11,40.72
15,2017-08-21,1,10.51,9.6
15,2017-08-28,1,0.0,0.0
15,2017-09-04,1,0.0,0.0
15,2017-09-11,1,0.0,0.0
15,2017-09-18,1,477.34,28.88
15,2017-09-25,1,0.0,0.0
15,2017-10-02,1,0.0,0.0
15,2017-10-09,1,0.0,0.0
15,2017-10-16,1,0.0,0.0
15,2017-10-23,1,0.0,0.0
15,2018-01-29,1,0.0,0.0
15,2018-02-05,1,0.0,0.0
15,2018-02-12,1,0.0,0.0
15,2018-02-19,1,0.0,0.0
15,2018-02-26,1,0.0,0.0
15,2018-03-05,1,87.92,111.18
15,2018-03-12,1,23.54,14.86
15,2018-03-19,1,244.72,110.1
15,2018-03-26,1,42.67,20.99
15,2018-04-16,1,26.71,32.07
15,2018-04-23,1,61.87,45.78
15,2018-04-30,1,117.91,100.7
15,2018-05-14,1,112.68,59.84
15,2018-05-21,1,1176.01,69.83
15,2018-05-28,1,0.0,0.0
15,2018-06-04,1,61.22,46.11
15,2018-06-18,1,35.97,27.24
15,2018-06-25,1,0.0,0.0
15,2018-07-02,1,0.0,0.0
15,2018-07-09,1,39.48,20.4
15,2018-07-16,1,11.97,12.09
15,2018-07-30,1,0.0,0.0
15,2018-08-06,1,0.0,0.0
15,2018-08-13,1,0.0,0.0
15,2018-08-20,1,0.0,0.0
15,2018-08-27,1,0.0,0.0
15,2018-09-03,1,0.0,0.0
15,2018-09-24,1,0.0,0.0
16,2016-11-28,1,0.0,0.0
16,2016-12-05,1,0.0,0.0
16,2016-12-12,1,26.28,27.75
16,2016-12-19,1,5.49,6.2
16,2016-12-26,1,22.95,23.18
16,2017-01-02,1,0.0,0.0
16,2017-01-09,1,0.0,0.0
16,2017-01-16,1,0.76,1.24
16,2017-01-23,1,4.06,6.55
16,2017-01-30,1,0.0,0.0
16,2017-02-06,1,8.66,15.65
16,2017-02-13,1,0.0,0.0
16,2017-02-20,1,16.65,32.44
16,2017-02-27,1,22.96,25.21
16,2017-03-06,1,37.77,34.9
16,2017-03-13,1,0.0,0.0
16,2017-03-20,1,6.4,5.53
16,2017-03-27,1,9.06,17.12
16,2017-04-03,1,3.53,7.0
16,2017-04-10,1,6.72,11.52
16,2017-04-17,1,2.56,4.89
16,2017-04-24,1,0.0,0.0
16,2017-05-01,1,3.65,6.59
16,2017-05-08,1,15.64,23.22
16,2017-05-15,1,0.0,0.0
16,2017-05-22,1,13.31,26.26
16,2017-05-29,1,22.67,21.52
16,2017-06-05,1,8.97,7.79
16,2017-06-12,1,6.75,6.35
16,2017-06-19,1,0.92,1.19
16,2017-06-26,1,0.0,0.0
16,2017-07-03,1,16.49,15.34
16,2017-07-10,1,0.0,0.0
16,2017-07-17,1,0.0,0.0
16,2017-07-24,1,23.34,31.27
16,2017-07-31,1,0.0,0.0
16,2017-08-07,1,0.0,0.0
16,2017-08-14,1,12.83,24.6
16,2017-08-21,1,1.65,3.82
16,2017-08-28,1,0.0,0.0
16,2017-09-04,1,9.91,22.99
16,2017-09-11,1,0.0,0.0
16,2017-09-18,1,0.0,0.0
16,2017-09-25,1,43.03,34.99
16,2017-10-02,1,556.62,118.34
16,2017-10-09,1,3.7,4.14
16,2017-10-16,1,51.46,31.66
16,2017-10-23,1,0.0,0.0
16,2018-02-05,1,0.0,0.0
16,2018-02-26,1,0.0,0.0
16,2018-03-05,1,11.65,27.51
16,2018-03-12,1,14.24,31.13
16,2018-03-19,1,4.08,9.09
16,2018-04-09,1,1.32,3.58
16,2018-04-16,1,31.74,63.14
16,2018-04-30,1,51.96,63.33
16,2018-05-07,1,5.64,12.17
16,2018-05-14,1,0.0,0.0
16,2018-05-21,1,5.6,12.62
16,2018-05-28,1,5.36,10.59
16,2018-06-04,1,4.27,7.79
16,2018-06-11,1,0.0,0.0
16,2018-06-18,1,4.7,8.19
16,2018-06-25,1,6.92,12.13
16,2018-07-02,1,15.93,29.46
16,2018-07-09,1,11.24,18.8
16,2018-07-16,1,4.65,7.46
16,2018-07-23,1,0.69,1.32
16,2018-07-30,1,0.0,0.0
16,2018-08-06,1,7.15,13.53
16,2018-08-13,1,15.35,23.39
16,2018-08-27,1,4.68,10.81
16,2018-09-03,1,0.0,0.0
16,2018-09-10,1,0.86,1.53
16,2018-09-17,1,6.26,10.15
17,2016-11-28,1,0.08,0.52
17,2016-12-05,1,11.23,51.58
17,2016-12-12,1,0.0,0.0
17,2016-12-19,1,107.58,105.03
17,2016-12-26,1,0.0,0.0
17,2017-01-02,1,3.76,21.81
17,2017-01-09,1,6.02,35.46
17,2017-01-23,1,5.58,36.18
17,2017-02-06,1,14.76,80.88
17,2017-02-13,1,0.0,0.0
17,2017-02-20,1,1.78,12.52
17,2017-03-13,1,110.12,187.0
17,2017-04-10,1,146.47,85.39
17,2017-04-24,1,8.57,44.13
17,2017-05-01,1,7.18,31.47
17,2017-05-22,1,0.26,1.65
17,2017-07-03,1,4.86,37.03
17,2017-07-10,1,4.34,37.23
17,2017-08-07,1,3.65,25.43
17,2017-09-04,1,27.21,65.1
17,2017-09-11,1,6.02,20.08
17,2017-09-25,1,13.0,56.55
17,2017-10-02,1,10.7,32.13
17,2017-10-16,1,0.0,0.0
17,2017-10-23,1,5.46,32.99
17,2018-02-05,1,0.0,0.0
17,2018-02-12,1,0.0,0.0
17,2018-04-09,1,6.07,32.03
17,2018-04-23,1,3.78,17.03
17,2018-05-07,1,14.69,80.28
17,2018-05-21,1,8.27,44.19
17,2018-05-28,1,9.24,46.74
17,2018-06-04,1,8.78,41.39
17,2018-06-11,1,8.61,36.82
17,2018-06-18,1,10.49,46.61
17,2018-06-25,1,2.32,9.03
17,2018-07-09,1,29.11,52.1
17,2018-07-16,1,5.2,20.98
17,2018-07-23,1,8.67,40.62
17,2018-08-06,1,0.86,3.57
17,2018-08-13,1,17.51,52.31
17,2018-09-17,1,0.0,0.0
18,2016-12-19,1,4.51,36.08
18,2017-01-09,1,0.0,0.0
18,2017-02-06,1,3.57,28.71
18,2017-02-13,1,9.76,79.77
18,2017-03-20,1,0.0,0.0
18,2017-04-03,1,34.21,203.75
18,2017-04-10,1,17.79,76.65
18,2017-05-29,1,0.0,0.0
18,2017-06-19,1,2.89,22.06
18,2017-07-10,1,0.0,0.0
18,2017-08-14,1,10.12,68.05
18,2017-10-02,1,2.65,19.81
18,2017-10-09,1,8.6,59.67
18,2017-10-30,1,3.16,24.59
18,2017-11-06,1,6.27,45.67
18,2018-02-12,1,0.0,0.0
18,2018-03-12,1,1.76,11.53
18,2018-03-19,1,1.26,9.92
18,2018-03-26,1,0.33,2.63
18,2018-05-21,1,2.75,18.0
18,2018-09-24,1,0.0,0.0
19,2016-11-28,1,2.87,12.39
19,2016-12-26,1,5.23,24.03
19,2017-01-02,1,20.85,82.87
19,2017-01-23,1,8.1,33.91
19,2017-01-30,1,0.0,0.0
19,2017-02-13,1,0.0,0.0
19,2017-02-20,1,0.0,0.0
19,2017-03-06,1,0.6,2.82
19,2017-03-13,1,11.8,45.01
19,2017-03-20,1,36.43,108.55
19,2017-03-27,1,10.89,40.14
19,2017-05-15,1,1.4,6.17
19,2017-06-05,1,15.38,44.42
19,2017-06-26,1,8.57,28.17
19,2017-07-31,1,47.54,106.95
19,2017-08-28,1,239.8,109.4
19,2017-09-04,1,23.84,60.89
19,2017-09-25,1,156.61,104.83
19,2017-10-23,1,3.64,12.41
19,2018-01-29,1,0.0,0.0
19,2018-02-12,1,0.49,2.09
19,2018-03-12,1,10.72,42.41
19,2018-03-19,1,10.38,40.54
19,2018-04-16,1,0.0,0.0
19,2018-04-23,1,551.04,182.49
19,2018-05-14,1,0.0,0.0
19,2018-07-23,1,42.26,65.28
19,2018-07-30,1,144.07,95.45
19,2018-08-20,1,0.0,0.0
19,2018-09-03,1,0.0,0.0
20,2017-06-12,1,3.89,4.57
20,2017-06-26,1,0.0,0.0
20,2017-07-10,1,8.33,7.74
20,2017-07-24,1,0.0,0.0
20,2017-08-07,1,0.0,0.0
20,2017-08-14,1,0.0,0.0
20,2017-09-04,1,0.0,0.0
20,2017-09-11,1,3.01,3.72
20,2017-10-02,1,4.19,4.42
20,2017-10-09,1,144.53,120.98
20,2018-04-02,1,0.0,0.0
20,2018-04-23,1,4.4,5.21
20,2018-07-02,1,0.0,0.0
20,2018-08-06,1,0.0,0.0
21,2017-06-05,1,17.34,83.96
21,2017-06-12,1,1.66,9.04
21,2017-06-19,1,5.8,28.72
21,2017-06-26,1,7.61,33.99
21,2017-07-03,1,3.21,15.44
21,2017-10-23,1,0.0,0.0
21,2017-10-30,1,37.96,88.2
21,2017-11-06,1,23.52,48.52
21,2017-11-13,1,75.71,147.61
21,2017-11-20,1,0.0,0.0
21,2018-03-19,1,30.85,45.95
21,2018-03-26,1,2.46,8.04
21,2018-05-07,1,1.89,9.37
21,2018-07-02,1,0.0,0.0
21,2018-07-16,1,3.95,28.15
21,2018-08-20,1,8.08,54.2
21,2018-09-24,1,5.96,34.95
22,2017-04-10,1,15.95,16.11
22,2017-04-17,1,0.0,0.0
22,2017-05-15,1,0.0,0.0
22,2017-05-22,1,16.44,14.74
22,2017-05-29,1,6.7,5.53
22,2018-03-19,1,0.0,0.0
22,2018-09-10,1,0.0,0.0
23,2017-01-02,1,0.0,0.0
23,2017-01-09,1,13.19,10.92
23,2017-02-27,1,12.46,5.12
23,2017-03-06,1,0.28,0.18
23,2017-03-13,1,135.58,50.7
23,2017-03-20,1,42.56,14.96
23,2017-05-01,1,63.98,27.46
23,2017-05-08,1,89.51,39.0
23,2017-05-15,1,14.84,7.49
23,2017-05-22,1,43.4,23.51
23,2017-06-26,1,95.97,71.6
23,2017-07-03,1,91.69,58.29
23,2017-07-10,1,156.81,90.03
23,2017-07-17,1,42.62,23.5
23,2017-07-24,1,49.24,28.84
23,2017-09-04,1,55.12,36.05
23,2017-10-02,1,100.06,67.19
23,2017-10-09,1,0.0,0.0
23,2017-10-16,1,91.5,66.54
23,2017-10-23,1,0.0,0.0
23,2018-01-15,1,0.0,0.0
23,2018-01-22,1,0.0,0.0
23,2018-01-29,1,0.0,0.0
23,2018-02-05,1,7.86,45.85
23,2018-02-12,1,3.08,18.19
23,2018-03-12,1,10.96,34.19
23,2018-03-19,1,12.0,34.29
23,2018-03-26,1,5.79,12.8
23,2018-04-09,1,13.28,33.43
23,2018-05-07,1,14.2,35.68
23,2018-05-14,1,14.68,31.7
23,2018-05-21,1,3.47,6.73
23,2018-06-18,1,6.69,14.77
23,2018-06-25,1,7.37,18.15
23,2018-07-16,1,7.34,21.19
23,2018-08-27,1,8.83,21.98
23,2018-09-17,1,19.49,38.58
24,2017-06-26,1,0.0,0.0
24,2017-07-10,1,0.0,0.0
24,2017-07-24,1,1.58,7.39
24,2017-08-07,1,0.0,0.0
24,2017-08-21,1,7.8,59.13
24,2017-08-28,1,0.0,0.0
24,2017-09-18,1,0.0,0.0
24,2017-09-25,1,0.0,0.0
24,2017-10-16,1,1.46,15.36
24,2018-02-05,1,3.87,29.45
24,2018-05-28,1,2.34,10.79
25,2016-12-12,1,936.04,61.14
25,2016-12-19,1,438.99,28.41
25,2017-01-02,1,553.72,40.23
25,2017-01-16,1,459.89,40.52
25,2017-01-30,1,173.88,15.2
25,2017-05-01,1,416.48,61.56
25,2017-05-08,1,0.0,0.0
25,2017-05-15,1,0.0,0.0
25,2017-05-22,1,1418.7,55.65
25,2017-05-29,1,1077.36,54.18
25,2017-06-05,1,1252.44,56.56
25,2017-06-12,1,748.36,36.58
25,2017-06-19,1,1182.65,65.26
25,2017-06-26,1,926.3,46.23
25,2017-07-10,1,482.36,26.73
25,2017-07-17,1,143.61,27.39
25,2017-07-24,1,0.0,0.0
25,2017-09-11,1,287.23,26.4
25,2017-09-18,1,0.0,0.0
25,2017-10-23,1,596.22,52.91
25,2018-02-26,1,0.0,0.0
25,2018-03-19,1,53.22,32.89
25,2018-03-26,1,1.33,0.9
25,2018-06-18,1,1346.88,62.44
25,2018-06-25,1,867.22,63.4
25,2018-07-02,1,139.16,11.09
25,2018-07-09,1,3274.16,96.82
25,2018-08-06,1,839.69,41.38
25,2018-08-20,1,0.0,0.0
25,2018-09-10,1,925.4,38.06
25,2018-09-17,1,461.21,28.54
26,2016-11-28,1,15.39,24.19
26,2017-02-13,1,16.26,25.92
26,2017-06-19,1,0.0,0.0
26,2017-07-03,1,26.71,38.55
26,2017-07-31,1,11.7,18.49
26,2018-03-26,1,19.18,44.81
27,2017-05-01,1,104.35,48.17
27,2017-05-08,1,147.68,61.2
27,2017-05-15,1,12.2,7.27
27,2017-05-22,1,88.18,63.52
27,2017-05-29,1,51.74,38.25
27,2017-06-05,1,94.22,67.89
27,2017-06-12,1,45.29,25.77
27,2017-06-19,1,0.0,0.0
27,2017-06-26,1,0.0,0.0
27,2017-07-03,1,74.15,41.23
27,2017-07-10,1,11.22,6.57
27,2017-07-17,1,0.0,0.0
27,2017-07-24,1,0.0,0.0
27,2017-07-31,1,7.51,6.44
27,2017-08-07,1,0.0,0.0
27,2017-08-14,1,0.0,0.0
27,2017-08-21,1,23.19,37.53
27,2017-08-28,1,5.04,9.53
27,2017-09-04,1,0.0,0.0
27,2017-09-11,1,7.87,17.05
27,2017-09-18,1,34.51,54.36
27,2017-10-09,1,16.71,34.6
27,2018-03-05,1,2.53,7.14
27,2018-03-12,1,0.0,0.0
27,2018-03-19,1,0.0,0.0
27,2018-03-26,1,2.09,5.38
27,2018-04-02,1,0.0,0.0
27,2018-05-21,1,0.0,0.0
27,2018-06-04,1,21.5,17.84
27,2018-06-11,1,42.26,26.96
27,2018-06-25,1,0.0,0.0
27,2018-08-20,1,0.0,0.0
27,2018-09-03,1,0.0,0.0
28,2016-11-28,1,1.97,1.66
28,2016-12-12,1,12.65,9.71
28,2016-12-19,1,0.0,0.0
28,2016-12-26,1,0.0,0.0
28,2017-01-02,1,0.0,0.0
28,2017-01-09,1,0.0,0.0
28,2017-01-16,1,11.71,16.19
28,2017-01-23,1,0.0,0.0
28,2017-01-30,1,20.37,34.74
28,2017-02-06,1,1.98,3.48
28,2017-02-13,1,45.59,74.23
28,2017-02-20,1,56.11,72.97
28,2017-03-06,1,0.0,0.0
28,2017-06-12,1,24.37,54.62
28,2017-06-19,1,0.0,0.0
28,2017-07-03,1,0.0,0.0
28,2017-07-10,1,67.36,107.52
28,2017-07-17,1,6.15,8.33
28,2017-07-31,1,8.17,12.23
28,2017-08-07,1,105.85,113.62
28,2017-08-14,1,69.88,55.85
28,2017-09-11,1,0.0,0.0
28,2017-09-25,1,36.73,31.33
28,2017-10-16,1,16.82,14.48
28,2018-01-29,1,19.53,19.05
28,2018-02-12,1,14.41,12.25
28,2018-03-12,1,14.47,11.52
28,2018-03-19,1,64.28,47.71
28,2018-04-16,1,0.0,0.0
28,2018-05-28,1,0.0,0.0
28,2018-06-04,1,12.81,15.59
28,2018-06-18,1,0.0,0.0
28,2018-08-06,1,16.06,23.99
28,2018-08-13,1,14.49,20.55
29,2017-05-01,1,343.96,148.87
29,2017-06-26,1,19.29,64.95
29,2017-07-17,1,11.11,38.48
29,2017-09-11,1,0.47,1.15
29,2017-09-18,1,0.0,0.0
29,2017-09-25,1,5.61,15.84
29,2017-10-02,1,0.0,0.0
29,2018-05-07,1,2.52,6.21
29,2018-06-04,1,23.21,48.56
29,2018-09-17,1,14.81,52.55
30,2016-11-28,1,47.35,11.2
30,2016-12-05,1,0.0,0.0
30,2016-12-12,1,130.72,26.56
30,2016-12-19,1,5.41,1.21
30,2016-12-26,1,89.48,19.52
30,2017-01-02,1,40.93,7.62
30,2017-01-09,1,17.45,3.54
30,2017-01-16,1,30.33,6.4
30,2017-01-23,1,0.0,0.0
30,2017-01-30,1,15.71,4.54
30,2017-02-06,1,70.43,21.57
30,2017-02-13,1,13.07,2.73
30,2017-02-20,1,44.96,12.81
30,2017-02-27,1,0.0,0.0
30,2017-03-06,1,276.31,13.5
30,2017-03-13,1,0.0,0.0
30,2017-03-20,1,42.91,15.05
30,2017-03-27,1,0.0,0.0
30,2017-04-03,1,89.45,8.76
30,2017-04-10,1,0.0,0.0
30,2017-04-17,1,138.75,26.72
30,2017-04-24,1,0.0,0.0
30,2017-05-01,1,471.58,52.2
30,2017-05-08,1,638.25,93.62
30,2017-05-15,1,0.0,0.0
30,2017-05-22,1,138.31,22.91
30,2017-05-29,1,0.0,0.0
30,2017-06-05,1,0.0,0.0
30,2017-06-12,1,0.0,0.0
30,2017-06-19,1,4.56,3.12
30,2017-06-26,1,182.14,66.02
30,2017-07-03,1,0.0,0.0
30,2017-07-10,1,10.33,3.42
30,2017-07-17,1,0.0,0.0
30,2017-07-24,1,3.2,1.74
30,2017-07-31,1,19.62,7.78
30,2017-08-07,1,0.0,0.0
30,2017-08-14,1,0.0,0.0
30,2017-08-21,1,125.61,66.33
30,2017-08-28,1,0.0,0.0
30,2017-09-04,1,0.0,0.0
30,2017-09-11,1,57.0,15.83
30,2017-09-18,1,57.74,9.29
30,2017-09-25,1,374.28,69.09
30,2017-10-02,1,2.46,0.75
30,2017-10-09,1,0.0,0.0
30,2017-10-16,1,0.0,0.0
30,2017-10-23,1,0.0,0.0
30,2018-01-29,1,55.17,20.44
30,2018-02-05,1,0.0,0.0
30,2018-02-12,1,0.0,0.0
30,2018-02-19,1,0.0,0.0
30,2018-02-26,1,0.0,0.0
30,2018-03-12,1,0.0,0.0
30,2018-04-02,1,0.0,0.0
30,2018-04-09,1,0.0,0.0
30,2018-04-16,1,0.0,0.0
30,2018-04-23,1,0.0,0.0
30,2018-04-30,1,0.0,0.0
30,2018-05-07,1,0.0,0.0
30,2018-05-14,1,0.0,0.0
30,2018-05-28,1,0.0,0.0
30,2018-06-04,1,0.0,0.0
30,2018-06-11,1,87.03,61.3
30,2018-06-18,1,30.4,15.39
30,2018-06-25,1,106.67,60.16
30,2018-07-02,1,44.04,22.71
30,2018-07-09,1,50.77,21.31
30,2018-08-06,1,0.0,0.0
30,2018-08-13,1,0.0,0.0
30,2018-08-20,1,0.44,1.06
30,2018-08-27,1,0.0,0.0
30,2018-09-03,1,92.13,80.91
30,2018-09-10,1,45.63,45.02
30,2018-09-17,1,229.62,12.44
30,2018-09-24,1,209.08,19.5
31,2017-01-09,1,0.0,0.0
31,2017-01-16,1,6.87,11.82
31,2017-02-06,1,13.27,24.25
31,2017-03-20,1,2.28,4.03
31,2017-04-03,1,0.0,0.0
31,2017-05-29,1,13.02,19.74
31,2017-06-26,1,29.94,42.74
31,2017-07-24,1,1.75,2.52
31,2017-08-21,1,14.41,16.09
31,2017-08-28,1,0.0,0.0
31,2017-10-16,1,6.44,7.19
31,2018-02-12,1,0.0,0.0
31,2018-04-23,1,0.0,0.0
31,2018-04-30,1,0.0,0.0
31,2018-07-16,1,0.0,0.0
31,2018-07-23,1,0.0,0.0
31,2018-08-20,1,11.26,13.6
32,2016-11-28,1,8.24,49.18
32,2016-12-12,1,7.73,68.65
32,2016-12-19,1,0.84,10.28
32,2017-01-02,1,0.0,0.0
32,2017-01-09,1,7.21,73.57
32,2017-01-16,1,9.79,119.36
32,2017-01-23,1,0.0,0.0
32,2017-02-06,1,2.61,31.1
32,2017-02-13,1,4.95,61.46
32,2017-02-27,1,4.31,44.42
32,2017-03-06,1,0.0,0.0
32,2017-03-27,1,0.57,5.01
32,2017-04-10,1,0.3,2.17
32,2017-04-24,1,0.0,0.0
32,2017-05-01,1,2.12,16.44
32,2017-05-15,1,17.61,82.37
32,2017-05-29,1,0.0,0.0
32,2017-06-12,1,7.99,33.29
32,2017-06-26,1,39.76,140.82
32,2017-07-03,1,8.17,37.44
32,2017-07-10,1,11.37,57.91
32,2017-07-17,1,1.19,6.67
32,2017-07-24,1,5.34,32.05
32,2017-07-31,1,11.77,64.6
32,2017-08-14,1,7.55,40.91
32,2017-08-21,1,9.16,61.67
32,2017-08-28,1,1.48,11.84
32,2017-09-04,1,0.0,0.0
32,2017-09-18,1,2.45,23.18
32,2017-09-25,1,0.0,0.0
32,2017-10-16,1,4.88,34.61
32,2017-10-23,1,0.0,0.0
32,2018-01-29,1,0.0,0.0
32,2018-02-05,1,0.0,0.0
32,2018-02-26,1,0.0,0.0
32,2018-03-05,1,3.86,47.49
32,2018-03-19,1,0.94,13.28
32,2018-03-26,1,3.96,49.18
32,2018-04-16,1,2.42,31.98
32,2018-05-07,1,5.0,50.05
32,2018-05-14,1,5.16,43.58
32,2018-06-04,1,0.0,0.0
32,2018-06-11,1,0.0,0.0
32,2018-06-18,1,0.0,0.0
32,2018-07-02,1,0.0,0.0
32,2018-07-09,1,1.03,2.5
32,2018-08-06,1,114.76,66.63
32,2018-09-03,1,0.0,0.0
32,2018-09-24,1,16.85,25.47
33,2017-05-01,1,0.0,0.0
33,2017-05-08,1,0.0,0.0
33,2017-05-15,1,20.23,46.23
33,2017-05-22,1,90.9,54.4
33,2017-05-29,1,149.42,48.58
33,2017-08-21,1,1419.12,92.4
33,2017-08-28,1,193.6,41.51
33,2017-10-02,1,301.2,91.05
33,2017-10-09,1,56.59,17.77
33,2017-10-16,1,0.0,0.0
33,2017-10-23,1,0.0,0.0
33,2018-02-19,1,176.25,50.97
33,2018-04-23,1,0.0,0.0
33,2018-05-07,1,0.0,0.0
33,2018-05-14,1,0.0,0.0
33,2018-05-21,1,0.0,0.0
33,2018-06-18,1,0.0,0.0
33,2018-07-23,1,0.0,0.0
33,2018-07-30,1,0.0,0.0
33,2018-08-06,1,0.0,0.0
33,2018-08-20,1,0.0,0.0
34,2016-12-05,1,13.76,29.75
34,2017-01-02,1,53.28,73.26
34,2017-01-16,1,48.02,82.83
34,2017-01-23,1,38.96,55.63
34,2017-01-30,1,35.66,50.7
34,2017-02-06,1,19.02,33.39
34,2017-02-13,1,36.71,57.09
34,2017-02-20,1,7.43,7.39
34,2017-02-27,1,0.0,0.0
34,2017-03-06,1,0.0,0.0
34,2017-03-13,1,0.0,0.0
34,2017-03-20,1,0.0,0.0
34,2017-03-27,1,34.39,54.07
34,2017-04-03,1,0.0,0.0
34,2017-04-10,1,14.65,22.76
34,2017-04-17,1,1.16,2.42
34,2017-04-24,1,0.0,0.0
34,2017-05-01,1,0.0,0.0
34,2017-05-08,1,2.65,5.71
34,2017-05-15,1,14.72,34.02
34,2017-05-22,1,11.99,23.05
34,2017-05-29,1,13.27,21.15
34,2017-06-05,1,0.0,0.0
34,2017-06-12,1,25.83,35.79
34,2017-06-19,1,0.0,0.0
34,2017-06-26,1,25.37,33.1
34,2017-07-03,1,46.28,44.2
34,2017-07-10,1,0.0,0.0
34,2017-07-17,1,73.99,59.67
34,2017-07-24,1,21.06,14.14
34,2017-07-31,1,0.0,0.0
34,2017-08-07,1,7.17,5.75
34,2017-08-14,1,5.48,2.76
34,2017-08-21,1,0.0,0.0
34,2017-08-28,1,12.55,6.96
34,2017-09-04,1,0.0,0.0
34,2017-09-11,1,0.0,0.0
34,2017-09-18,1,103.52,58.66
34,2017-09-25,1,941.18,162.05
34,2017-10-02,1,495.13,91.71
34,2017-10-09,1,0.0,0.0
34,2017-10-16,1,0.0,0.0
34,2017-10-23,1,0.21,0.21
34,2018-01-29,1,17.46,14.49
34,2018-02-12,1,0.0,0.0
34,2018-02-19,1,7.58,6.51
34,2018-02-26,1,1.95,1.68
34,2018-03-05,1,6.59,5.26
34,2018-03-12,1,15.51,11.98
34,2018-03-19,1,17.27,12.54
34,2018-03-26,1,29.76,22.34
34,2018-04-09,1,0.0,0.0
34,2018-04-16,1,0.0,0.0
34,2018-04-23,1,17.51,14.29
34,2018-05-07,1,0.0,0.0
34,2018-05-14,1,33.72,26.49
34,2018-05-21,1,54.71,37.66
34,2018-05-28,1,40.38,26.63
34,2018-06-11,1,8.19,6.45
34,2018-06-25,1,14.88,11.1
34,2018-07-02,1,0.0,0.0
34,2018-07-09,1,0.0,0.0
34,2018-07-16,1,0.0,0.0
34,2018-07-23,1,0.0,0.0
34,2018-07-30,1,7.86,4.91
34,2018-08-06,1,0.0,0.0
34,2018-08-13,1,0.0,0.0
34,2018-08-20,1,0.0,0.0
34,2018-09-03,1,0.0,0.0
34,2018-09-10,1,46.35,30.17
35,2016-12-05,1,10.65,49.89
35,2017-01-02,1,39.84,96.77
35,2017-01-16,1,8.32,26.26
35,2017-01-23,1,14.0,42.42
35,2017-01-30,1,5.27,21.29
35,2017-02-06,1,14.8,50.7
35,2017-02-13,1,6.35,23.82
35,2017-02-20,1,12.26,28.7
35,2017-02-27,1,0.0,0.0
35,2017-03-06,1,0.0,0.0
35,2017-03-13,1,0.0,0.0
35,2017-03-20,1,1.92,6.85
35,2017-03-27,1,4.4,20.4
35,2017-04-03,1,0.0,0.0
35,2017-04-10,1,7.49,31.87
35,2017-04-17,1,7.62,24.27
35,2017-04-24,1,0.0,0.0
35,2017-05-01,1,9.06,33.65
35,2017-05-08,1,0.0,0.0
35,2017-05-15,1,0.0,0.0
35,2017-05-22,1,0.0,0.0
35,2017-05-29,1,13.36,50.14
35,2017-06-05,1,0.0,0.0
35,2017-06-12,1,11.35,33.75
35,2017-06-19,1,55.72,92.44
35,2017-06-26,1,0.0,0.0
35,2017-07-03,1,21.14,31.62
35,2017-07-10,1,0.0,0.0
35,2017-07-17,1,0.0,0.0
35,2017-07-24,1,5.38,11.29
35,2017-07-31,1,0.0,0.0
35,2017-08-07,1,11.11,19.52
35,2017-08-14,1,0.0,0.0
35,2017-08-21,1,17.37,34.3
35,2017-08-28,1,0.0,0.0
35,2017-09-04,1,6.09,10.7
35,2017-09-11,1,14.42,21.99
35,2017-09-18,1,0.0,0.0
35,2017-09-25,1,42.36,65.54
35,2017-10-02,1,57.46,56.04
35,2017-10-09,1,0.0,0.0
35,2017-10-16,1,0.0,0.0
35,2017-10-23,1,5.16,37.28
35,2018-01-29,1,0.27,2.35
35,2018-02-12,1,1.11,8.59
35,2018-02-19,1,0.0,0.0
35,2018-02-26,1,0.0,0.0
35,2018-03-19,1,1.16,5.83
35,2018-03-26,1,0.23,1.05
35,2018-04-16,1,0.0,0.0
35,2018-04-30,1,0.0,0.0
35,2018-05-07,1,7.76,30.77
35,2018-05-14,1,3.05,10.18
35,2018-05-21,1,0.0,0.0
35,2018-05-28,1,0.0,0.0
35,2018-06-11,1,0.0,0.0
35,2018-07-02,1,0.0,0.0
35,2018-07-09,1,0.0,0.0
35,2018-07-16,1,2.82,10.02
35,2018-07-23,1,0.0,0.0
35,2018-08-13,1,4.18,13.55
35,2018-08-27,1,4.38,13.04
35,2018-09-03,1,0.0,0.0
35,2018-09-10,1,7.05,23.55
35,2018-09-17,1,0.0,0.0
35,2018-09-24,1,0.0,0.0
36,2016-11-28,1,7.43,36.12
36,2016-12-05,1,0.0,0.0
36,2017-01-16,1,14.71,60.55
36,2017-01-23,1,9.57,37.65
36,2017-01-30,1,7.28,28.32
36,2017-02-06,1,10.33,36.03
36,2017-02-13,1,8.62,35.37
36,2017-02-20,1,1.92,9.09
36,2017-02-27,1,0.0,0.0
36,2017-03-06,1,5.68,20.78
36,2017-03-13,1,0.0,0.0
36,2017-03-20,1,0.21,0.87
36,2017-03-27,1,0.0,0.0
36,2017-04-03,1,0.0,0.0
36,2017-04-10,1,0.0,0.0
36,2017-04-17,1,0.19,1.18
36,2017-04-24,1,0.0,0.0
36,2017-05-01,1,0.0,0.0
36,2017-05-08,1,0.0,0.0
36,2017-05-15,1,1.39,9.51
36,2017-05-22,1,7.89,46.09
36,2017-05-29,1,2.58,11.5
36,2017-06-05,1,2.38,8.93
36,2017-06-12,1,0.0,0.0
36,2017-06-19,1,0.0,0.0
36,2017-06-26,1,8.54,32.26
36,2017-07-03,1,11.08,30.0
36,2017-07-10,1,15.53,28.52
36,2017-07-17,1,12.6,22.34
36,2017-07-24,1,2.38,3.68
36,2017-07-31,1,0.0,0.0
36,2017-08-07,1,0.0,0.0
36,2017-08-14,1,0.0,0.0
36,2017-08-21,1,6.87,10.23
36,2017-08-28,1,8.7,12.2
36,2017-09-04,1,2.0,3.18
36,2017-09-11,1,0.0,0.0
36,2017-09-18,1,12.2,23.12
36,2017-09-25,1,200.9,124.7
36,2017-10-02,1,236.97,74.28
36,2017-10-09,1,0.0,0.0
36,2017-10-16,1,8.34,30.14
36,2017-10-23,1,0.0,0.0
36,2018-01-29,1,4.61,20.61
36,2018-02-05,1,0.0,0.0
36,2018-02-12,1,6.03,27.46
36,2018-02-19,1,0.41,1.82
36,2018-02-26,1,0.0,0.0
36,2018-03-05,1,11.3,43.97
36,2018-03-12,1,0.0,0.0
36,2018-03-19,1,0.0,0.0
36,2018-03-26,1,3.01,11.17
36,2018-04-02,1,5.89,20.96
36,2018-04-09,1,2.31,7.53
36,2018-04-16,1,1.66,5.3
36,2018-04-23,1,0.0,0.0
36,2018-04-30,1,0.0,0.0
36,2018-05-14,1,12.4,43.34
36,2018-05-21,1,0.0,0.0
36,2018-05-28,1,0.0,0.0
36,2018-06-04,1,6.54,18.46
36,2018-06-11,1,1.21,3.48
36,2018-06-18,1,0.0,0.0
36,2018-06-25,1,0.0,0.0
36,2018-07-02,1,0.0,0.0
36,2018-07-09,1,0.93,2.64
36,2018-07-23,1,0.0,0.0
36,2018-08-06,1,1.01,2.36
36,2018-09-03,1,27.4,57.56
36,2018-09-10,1,13.38,22.44
38,2017-08-21,1,19.23,77.61
38,2017-08-28,1,18.7,68.49
38,2017-09-04,1,10.74,39.39
38,2017-09-11,1,36.74,101.35
38,2017-09-18,1,9.48,37.16
38,2017-09-25,1,0.75,3.69
38,2018-03-12,1,10.52,91.57
38,2018-08-20,1,5.75,56.1
39,2016-11-28,1,0.0,0.0
39,2016-12-12,1,0.0,0.0
39,2016-12-19,1,6.98,63.35
39,2016-12-26,1,1.72,15.26
39,2017-01-02,1,0.0,0.0
39,2017-01-09,1,0.66,5.8
39,2017-01-16,1,0.0,0.0
39,2017-01-23,1,0.0,0.0
39,2017-01-30,1,1.46,13.85
39,2017-02-06,1,0.0,0.0
39,2017-02-13,1,2.22,22.74
39,2017-02-20,1,4.67,37.91
39,2017-02-27,1,0.0,0.0
39,2017-03-06,1,4.01,36.44
39,2017-03-20,1,0.0,0.0
39,2017-03-27,1,0.0,0.0
39,2017-04-03,1,6.64,40.6
39,2017-04-10,1,2.69,16.49
39,2017-04-17,1,0.0,0.0
39,2017-04-24,1,4.53,27.53
39,2017-05-01,1,0.0,0.0
39,2017-05-08,1,0.0,0.0
39,2017-05-15,1,0.89,6.32
39,2017-05-22,1,0.0,0.0
39,2017-05-29,1,1.55,10.73
39,2017-06-05,1,4.74,27.45
39,2017-06-12,1,2.07,13.89
39,2017-07-17,1,10.93,60.47
39,2017-07-24,1,0.93,5.16
39,2017-07-31,1,0.0,0.0
39,2017-08-07,1,4.71,28.94
39,2017-08-14,1,0.0,0.0
39,2017-08-21,1,0.0,0.0
39,2017-08-28,1,2.25,14.26
39,2017-09-04,1,9.75,56.49
39,2017-09-11,1,0.0,0.0
39,2017-09-18,1,1.95,11.45
39,2017-09-25,1,0.0,0.0
39,2017-10-02,1,0.23,1.25
39,2017-10-09,1,9.68,39.82
39,2017-10-16,1,7.03,33.55
39,2017-10-23,1,3.34,16.15
39,2018-01-29,1,0.0,0.0
39,2018-02-05,1,0.92,11.43
39,2018-02-12,1,0.0,0.0
39,2018-02-19,1,0.95,11.79
39,2018-02-26,1,1.97,19.67
39,2018-03-12,1,0.0,0.0
39,2018-03-26,1,0.0,0.0
39,2018-04-09,1,0.0,0.0
39,2018-04-23,1,9.43,23.25
39,2018-04-30,1,0.0,0.0
39,2018-05-07,1,0.0,0.0
39,2018-05-28,1,0.0,0.0
39,2018-06-25,1,0.0,0.0
39,2018-07-09,1,0.0,0.0
39,2018-07-16,1,27.16,73.73
39,2018-08-06,1,0.0,0.0
39,2018-08-20,1,0.0,0.0
39,2018-08-27,1,0.0,0.0
39,2018-09-03,1,0.0,0.0
39,2018-09-10,1,0.0,0.0
39,2018-09-17,1,0.0,0.0
40,2017-07-10,1,0.0,0.0
40,2017-10-02,1,0.0,0.0
40,2018-05-07,1,9.07,9.65
41,2017-04-17,1,0.0,0.0
41,2017-05-01,1,44.48,54.56
41,2017-05-08,1,11.37,13.43
41,2017-05-15,1,0.0,0.0
41,2017-05-22,1,0.0,0.0
41,2017-05-29,1,36.85,46.55
41,2017-07-10,1,0.0,0.0
41,2017-09-11,1,0.0,0.0
41,2017-09-18,1,2.45,9.98
41,2017-10-02,1,0.0,0.0
41,2018-02-26,1,0.0,0.0
41,2018-03-05,1,12.8,38.56
41,2018-03-19,1,9.24,25.15
41,2018-04-30,1,0.0,0.0
41,2018-07-09,1,2.42,9.1
41,2018-08-06,1,0.0,0.0
42,2016-12-12,1,1.96,32.48
42,2017-01-16,1,0.0,0.0
42,2017-07-17,1,11.57,101.19
42,2017-07-24,1,4.72,56.97
42,2017-07-31,1,0.88,10.85
42,2017-08-07,1,0.0,0.0
42,2017-08-14,1,0.66,9.01
42,2017-08-21,1,1.07,13.53
42,2017-08-28,1,5.51,73.51
42,2017-09-04,1,0.63,7.49
42,2017-09-11,1,0.0,0.0
42,2017-09-18,1,2.37,31.14
42,2017-09-25,1,0.0,0.0
42,2017-10-02,1,0.45,6.82
42,2017-10-09,1,1.0,11.06
42,2017-10-16,1,0.0,0.0
42,2017-10-23,1,0.1,1.75
42,2017-10-30,1,3.77,52.18
42,2017-11-06,1,0.0,0.0
42,2017-11-13,1,2.68,42.34
42,2017-11-20,1,0.0,0.0
42,2017-11-27,1,0.0,0.0
42,2018-01-01,1,0.0,0.0
42,2018-01-29,1,0.14,2.95
42,2018-02-12,1,0.0,0.0
42,2018-02-19,1,1.47,26.52
42,2018-02-26,1,0.12,2.06
42,2018-03-12,1,0.92,11.41
42,2018-03-19,1,0.48,6.34
42,2018-03-26,1,4.5,42.87
42,2018-04-16,1,6.98,58.1
42,2018-04-30,1,1.76,19.04
42,2018-05-14,1,3.15,35.65
42,2018-05-21,1,5.73,55.85
42,2018-05-28,1,3.55,34.01
42,2018-06-04,1,4.27,39.78
42,2018-06-18,1,7.5,55.55
42,2018-06-25,1,3.36,28.83
42,2018-07-09,1,0.91,8.97
42,2018-08-06,1,5.89,53.03
42,2018-09-10,1,3.42,32.38
43,2016-11-28,1,0.0,0.0
43,2016-12-05,1,0.49,8.85
43,2016-12-12,1,0.52,6.07
43,2016-12-19,1,0.0,0.0
43,2016-12-26,1,0.4,4.7
43,2017-01-02,1,0.0,0.0
43,2017-01-23,1,1.44,19.01
43,2017-01-30,1,2.99,33.26
43,2017-02-06,1,6.39,66.53
43,2017-02-13,1,1.37,15.9
43,2017-02-20,1,0.0,0.0
43,2017-03-06,1,0.0,0.0
43,2017-03-13,1,0.0,0.0
43,2017-03-20,1,0.0,0.0
43,2017-03-27,1,0.0,0.0
43,2017-04-03,1,0.0,0.0
43,2017-04-10,1,10.0,76.97
43,2017-04-17,1,4.67,37.85
43,2017-04-24,1,0.0,0.0
43,2017-05-01,1,0.0,0.0
43,2017-05-08,1,0.3,2.59
43,2017-05-15,1,1.73,15.4
43,2017-05-22,1,0.0,0.0
43,2017-05-29,1,1.07,9.77
43,2017-06-05,1,1.18,10.93
43,2017-06-12,1,0.0,0.0
43,2017-06-19,1,0.42,3.63
43,2017-06-26,1,0.0,0.0
43,2017-07-03,1,13.2,95.66
43,2017-07-10,1,0.0,0.0
43,2017-07-17,1,1.0,9.09
43,2017-07-31,1,3.56,31.14
43,2017-08-07,1,0.93,18.3
43,2017-08-14,1,0.17,3.6
43,2017-08-28,1,0.89,9.77
43,2017-09-04,1,1.08,18.29
43,2017-09-11,1,0.0,0.0
43,2017-09-18,1,2.82,34.51
43,2017-09-25,1,2.14,24.15
43,2017-10-02,1,0.0,0.0
43,2017-10-09,1,0.91,10.02
43,2017-10-16,1,0.47,6.27
43,2017-10-23,1,0.0,0.0
43,2017-10-30,1,0.48,6.37
43,2017-11-06,1,0.0,0.0
43,2017-11-13,1,0.0,0.0
43,2017-11-20,1,3.57,47.96
43,2017-11-27,1,1.49,17.45
43,2017-12-04,1,4.59,62.03
43,2017-12-11,1,2.89,31.77
43,2017-12-18,1,0.0,0.0
43,2017-12-25,1,0.0,0.0
43,2018-01-01,1,0.0,0.0
43,2018-01-08,1,0.0,0.0
43,2018-01-15,1,0.0,0.0
43,2018-01-22,1,0.0,0.0
43,2018-01-29,1,0.97,8.1
43,2018-02-05,1,4.4,34.91
43,2018-02-12,1,0.0,0.0
43,2018-02-19,1,16.52,114.03
43,2018-02-26,1,0.0,0.0
43,2018-03-05,1,1.94,11.39
43,2018-03-12,1,6.87,32.52
43,2018-03-19,1,0.0,0.0
43,2018-03-26,1,0.0,0.0
43,2018-04-02,1,4.32,24.41
43,2018-04-09,1,0.0,0.0
43,2018-04-16,1,0.0,0.0
43,2018-04-30,1,4.67,28.6
43,2018-05-07,1,2.11,11.18
43,2018-05-14,1,0.02,0.12
43,2018-05-21,1,3.83,19.96
43,2018-05-28,1,0.2,0.97
43,2018-06-04,1,0.0,0.0
43,2018-06-11,1,0.76,3.95
43,2018-06-18,1,0.0,0.0
43,2018-06-25,1,2.21,12.45
43,2018-07-02,1,0.0,0.0
43,2018-07-09,1,0.87,21.11
43,2018-07-16,1,0.0,0.0
43,2018-07-23,1,0.02,0.2
43,2018-07-30,1,7.2,40.44
43,2018-08-06,1,8.56,46.42
43,2018-08-13,1,0.0,0.0
43,2018-08-20,1,0.21,11.5
43,2018-08-27,1,0.0,0.0
43,2018-09-10,1,0.07,1.5
43,2018-09-17,1,0.0,0.0
43,2018-09-24,1,0.0,0.0
44,2016-11-28,1,0.0,0.0
44,2017-01-02,1,3.37,35.04
44,2017-01-09,1,0.13,1.3
44,2017-01-16,1,2.51,33.58
44,2017-08-14,1,4.73,42.0
44,2017-09-18,1,2.07,16.02
44,2017-09-25,1,2.34,17.14
44,2017-10-30,1,3.98,33.17
44,2017-11-06,1,8.44,67.17
44,2017-11-20,1,3.65,25.47
44,2017-11-27,1,6.36,54.66
44,2018-02-12,1,0.0,0.0
44,2018-03-26,1,0.0,0.0
44,2018-04-16,1,0.0,0.0
44,2018-04-23,1,4.2,26.56
44,2018-05-07,1,3.84,27.16
44,2018-05-14,1,7.19,48.54
44,2018-05-21,1,0.39,3.1
44,2018-07-02,1,4.43,26.75
44,2018-07-30,1,11.36,50.18
44,2018-08-13,1,26.58,104.54
44,2018-08-20,1,4.02,16.1
44,2018-09-10,1,1.39,6.76
44,2018-09-17,1,6.45,29.95
44,2018-09-24,1,1.1,4.42
